,AUC,Accuracy,Precision,Recall,F1 Score
Logistic Regression,0.6235937422796536,0.6167178836804709,0.11547363200529014,0.5627391742195368,0.1916258015843078
Random Forest,0.7450415956016285,0.9169796595288034,0.4139194139194139,0.06827794561933535,0.11721991701244813
LightGBM,0.7631828152759292,0.7575890606962262,0.18917229307326833,0.6094662638469285,0.28872668288726683
